2466,1101 WAYSIDE DR,HOUSTON,TX,
2467,1101 WAYSIDE DR,HOUSTON,TX,
2468,3210 KNOTTY OAKS TRL,HOUSTON,TX,
2471,3910 AUSTIN ST,HOUSTON,TX,
2472,2100 LAMAR ,HOUSTON,TX,
2473,1000 HUTCHINS ST,HOUSTON,TX,
2474,1742 WOODVINE DR,HOUSTON,TX,
2475,6230 NUNN ST,HOUSTON,TX,
2476,1111 BLALOCK RD,HOUSTON,TX,
2477,2320 ALABAMA ST,HOUSTON,TX,
2478,1831 SHERWOOD FOREST ST,HOUSTON,TX,
2480,303 FENN ST,HOUSTON,TX,
2481,3963 KIRBY DR,HOUSTON,TX,
2482,12007 LANGDON LN,HOUSTON,TX,
2483,1400 TRUXILLO ,HOUSTON,TX,
2485,12221 FLEMING DR,HOUSTON,TX,
2487,3832 BURKETT ST,HOUSTON,TX,
2489,1110 TEAL ,HOUSTON,TX,
2490,6289 WILCREST DR,HOUSTON,TX,
2491,6061 BEVERLY HILL ST,HOUSTON,TX,
2492,7700 CORPORATE DR,HOUSTON,TX,
2494,9002 STERLINGSHIRE ,HOUSTON,TX,
2495,9002 STERLINGSHIRE ,HOUSTON,TX,
2497,8813 PRAIRIE VIEW DR,HOUSTON,TX,
2498,7930 CORPORATE DR,HOUSTON,TX,
2499,8116 GARLAND DR,HOUSTON,TX,
2501,3105 KAY ,HOUSTON,TX,
2502,1305 TULANE ST,HOUSTON,TX,
2503,9650 WESTHEIMER RD,HOUSTON,TX,
2504,8701 TOWN PARK DR,HOUSTON,TX,
2505,8812 FREY RD,HOUSTON,TX,
2506,8812 FREY RD,HOUSTON,TX,
2507,1915 WESTHEIMER RD,HOUSTON,TX,
2509,7400 BISSONNET ST,HOUSTON,TX,
2510,7400 BISSONNET ST,HOUSTON,TX,
2511,7590 WAYSIDE DR,HOUSTON,TX,
2512,11106 SAGEHEATHER DR,HOUSTON,TX,
2515,6119 SUNRISE LIGHT LN,HOUSTON,TX,
2516,824 WILKES ,HOUSTON,TX,
2517,2600 WOODHEAD ST,HOUSTON,TX,
2520,9039 KLONDIKE ST,HOUSTON,TX,
2521,4719 KNOTTYNOLD LN,HOUSTON,TX,
2522,904 WESTHEIMER RD,HOUSTON,TX,
2523,12400 WALLISVILLE RD,HOUSTON,TX,
2524,3702 YELLOWSTONE BLVD,HOUSTON,TX,
2525,11900 OAKMOOR PKWY,HOUSTON,TX,
2527,7426 JACKWOOD ST,HOUSTON,TX,
2528,12805 CARLSBAD ST,HOUSTON,TX,
2529,1901 CULLEN BLVD,HOUSTON,TX,
2530,11395 RICHMOND AVE,HOUSTON,TX,
2531,1200 OLIVER ST,HOUSTON,TX,
2532,3400 OCEE ST,HOUSTON,TX,
2533,10222 FORUM WEST DR,HOUSTON,TX,
2534,7301 LONG DR,HOUSTON,TX,
2535,9601 PLAINFIELD ,HOUSTON,TX,
2536,131 PARKER RD,HOUSTON,TX,
2537,13234 GABY VIRBO DR,HOUSTON,TX,
2539,8711 BEECHNUT ST,HOUSTON,TX,
2542,5700 THOUSAND OAKS CIR,HOUSTON,TX,
2543,3201 UNITY DR,HOUSTON,TX,
2544,5300 DE SOTO ST,HOUSTON,TX,
2545,5300 DE SOTO ST,HOUSTON,TX,
2547,9121 IRVINGTON BLVD,HOUSTON,TX,
2548,336 33RD ST,HOUSTON,TX,
2549,6405 BELLFORT AVE,HOUSTON,TX,
2550,6405 BELLFORT AVE,HOUSTON,TX,
2551,7637 FM 1960 RD,HOUSTON,TX,
2552,1412 ORCHID ,HOUSTON,TX,
2553,8535 CADDO RD,HOUSTON,TX,
2554,3300 KELTON ,HOUSTON,TX,
2556,13960 HILLCROFT AVE,HOUSTON,TX,
2557,6910 OLD NORTH BELT DR,HOUSTON,TX,
2558,9277 RICHMOND AVE,HOUSTON,TX,
2559,202 TUAM ,HOUSTON,TX,
2560,9700 CLUB CREEK DR,HOUSTON,TX,
2561,5854 BELCREST ST,HOUSTON,TX,
2562,13914 QUEENSBURY LN,HOUSTON,TX,
2563,4460 MACGREGOR WAY,HOUSTON,TX,
2564,9909 BISSONNET ST,HOUSTON,TX,
2565,734 CORYDON DR,HOUSTON,TX,
2566,14301 GULFSTREAM PARK ,HOUSTON,TX,
2567,14301 GULFSTREAM PARK ,HOUSTON,TX,
2568,14301 GULFSTREAM PARK ,HOUSTON,TX,
2569,1311 SADDLE ROCK DR,HOUSTON,TX,
2570,5100 CAVALCADE ST,HOUSTON,TX,
2571,616 MEMORIAL HEIGHTS DR,HOUSTON,TX,
2572,12735 WHITTINGTON DR,HOUSTON,TX,
2573,4501 WOODWAY DR,HOUSTON,TX,
2574,1222 BERKELEY LAKE LN,HOUSTON,TX,
2575,8181 AIRPORT BLVD,HOUSTON,TX,
2576,1713 BIGELOW ST,HOUSTON,TX,
2577,5608 SHEPHERD DR,HOUSTON,TX,
2578,2300 SAN JACINTO ST,HOUSTON,TX,
2579,3815 FUQUA ST,HOUSTON,TX,
2580,8201 RICHMOND AVE,HOUSTON,TX,
2581,1102 BROADWAY ST,HOUSTON,TX,
2582,2135 SHADOWDALE DR,HOUSTON,TX,
2583,1307 WILCREST DR,HOUSTON,TX,
2584,2306 BRAZOS ST,HOUSTON,TX,
2585,10226 NORTH FWY,HOUSTON,TX,
2586,9590 MINNESOTA ST,HOUSTON,TX,
2587,301 LITTLE YORK RD,HOUSTON,TX,
2588,222 66TH ST,HOUSTON,TX,
2589,5801 HOLLISTER ST,HOUSTON,TX,
2590,nan 2 ST,HOUSTON,TX,
2591,907 GOLDEN BEAR LN,HOUSTON,TX,
2592,10910 WILLOWISP DR,HOUSTON,TX,
2593,8383 EL MUNDO ST,HOUSTON,TX,
2594,8383 EL MUNDO ST,HOUSTON,TX,
2596,7310 SHERMAN ,HOUSTON,TX,
2597,13197 BELLAIRE BLVD,HOUSTON,TX,
2598,4400 NORTH FWY,HOUSTON,TX,
2599,12200 FLEMING DR,HOUSTON,TX,
2600,6767 BENNINGTON ST,HOUSTON,TX,
2601,5739 WEEPING WILLOW RD,HOUSTON,TX,
2602,8208 KATY FWY,HOUSTON,TX,
2603,1804 CULLEN BLVD,HOUSTON,TX,
2604,9366 RICHMOND AVE,HOUSTON,TX,
2605,5310 LARKIN ST,HOUSTON,TX,
2606,1701 SHEPHERD DR,HOUSTON,TX,
2607,1725 MAIN ST,HOUSTON,TX,
2608,3826 BROOK SHADOW DR,HOUSTON,TX,
2609,11395 RICHMOND AVE,HOUSTON,TX,
2611,720 FANNIN ST,HOUSTON,TX,
2612,13939 RICHMOND AVE,HOUSTON,TX,
2613,5656 KELLEY ST,HOUSTON,TX,
2615,4002 LOCKWOOD DR,HOUSTON,TX,
2616,15872 DIPLOMATIC PLAZA DR,HOUSTON,TX,
2617,14698 BRIAR FOREST DR,HOUSTON,TX,
2618,9550 ELLA LEE LN,HOUSTON,TX,
2619,404 OXFORD ST,HOUSTON,TX,
2620,701 SHEPHERD DR,HOUSTON,TX,
2621,7403 AQUA LN,HOUSTON,TX,
2622,7403 AQUA LN,HOUSTON,TX,
2623,8800 GUSTINE LN,HOUSTON,TX,
2625,8800 GUSTINE LN,HOUSTON,TX,
2626,11200 WESTPARK DR,HOUSTON,TX,
2627,7703 EDEN ST,HOUSTON,TX,
2628,8820 WESTHEIMER RD,HOUSTON,TX,
2629,2410 KIRKWOOD RD,HOUSTON,TX,
2631,6655 LUDINGTON DR,HOUSTON,TX,
2632,11122 ALMEDA RD,HOUSTON,TX,
2633,11410 FM 1960 RD,HOUSTON,TX,
2635,5815 QUAIL VILLAGE DR,HOUSTON,TX,
2636,2900 TRAVIS ST,HOUSTON,TX,
2637,2900 TRAVIS ST,HOUSTON,TX,
2638,13655 BISSONNET ST,HARRIS CO,TX,
2639,901 CLEVELAND ST,HOUSTON,TX,
2640,2901 WALNUT BEND LN,HOUSTON,TX,
2641,3545 BURGUNDY LN,HOUSTON,TX,
2642,6363 BEVERLY HILL ST,HOUSTON,TX,
2643,3431 WALNUT BEND LN,HOUSTON,TX,
2644,8310 BELLFORT AVE,HOUSTON,TX,
2645,470 MAXEY RD,HOUSTON,TX,
2646,470 MAXEY RD,HOUSTON,TX,
2647,3760 TANGLEWILDE ST,HOUSTON,TX,
2650,9900 RICHMOND AVE,HOUSTON,TX,
2651,9900 RICHMOND AVE,HOUSTON,TX,
2652,15700 LEE RD,HOUSTON,TX,
2653,10811 SELA LN,HOUSTON,TX,
2654,7800 AIRPORT BLVD,HOUSTON,TX,
2655,3905 LOCKWOOD DR,HOUSTON,TX,
2656,16742 LONESOME QUAIL DR,HOUSTON,TX,
2657,1040 SHEPHERD DR,HOUSTON,TX,
2658,5701 ANTOINE DR,HOUSTON,TX,
2659,2727 SYNOTT RD,HOUSTON,TX,
2661,10300 WILCREST DR,HOUSTON,TX,
2662,10300 WILCREST DR,HOUSTON,TX,
2663,1300 WILCREST DR,HOUSTON,TX,
2664,3113 BERING DR,HOUSTON,TX,
2665,3113 BERING DR,HOUSTON,TX,
2666,11810 CHIMNEY ROCK RD,HOUSTON,TX,
2667,623 BARRINGER LN,HOUSTON,TX,
2668,6505 FONDREN RD,HOUSTON,TX,
2671,2415 MANGUM RD,HOUSTON,TX,
2672,3500 TERMINAL RD,HOUSTON,TX,
2673,9323 CULLEN BLVD,HOUSTON,TX,
2675,2500 LAZY HOLLOW DR,HOUSTON,TX,
2676,9800 HOLLOCK ST,HOUSTON,TX,
2677,9800 HOLLOCK ST,HOUSTON,TX,
2678,6530 SOUTHWEST FWY,HOUSTON,TX,
2680,503 EL DORADO BLVD,HOUSTON,TX,
2681,2305 FERGUSON WAY,HOUSTON,TX,
2683,21 TAYLOR CT,HOUSTON,TX,
2684,13655 ELLA BLVD,HOUSTON,TX,
2685,12510 GREEN DR,HOUSTON,TX,
2687,6525 GESSNER RD,HOUSTON,TX,
2688,6525 GESSNER RD,HOUSTON,TX,
2689,894 GREEN MEADOW LN,HOUSTON,TX,
2690,201 HEIGHTS BLVD,HOUSTON,TX,
2691,2111 JENSEN DR,HOUSTON,TX,
2693,2107 MASTER WAY CT,HOUSTON,TX,
2695,13960 HILLCROFT AVE,HOUSTON,TX,
2696,9803 SAM HOUSTON PKWY,HOUSTON,TX,
2698,6602 SHEPHERD DR,HOUSTON,TX,
2699,6007 GLENHURST DR,HOUSTON,TX,
2700,4104 BANNER DR,HOUSTON,TX,
2702,6798 MEMORIAL DR,HOUSTON,TX,
2703,10120 HARTSOOK ST,HOUSTON,TX,
2704,6100 REIMS RD,HOUSTON,TX,
2706,7403 CHARLIE ST,HOUSTON,TX,
2707,7426 BRADFORD ST,HOUSTON,TX,
2709,8303 CALHOUN RD,HOUSTON,TX,
2711,7319 LAREDO ,HOUSTON,TX,
2712,1615 HILLENDAHL BLVD,HOUSTON,TX,
2716,610 WELLINGTON ST,HOUSTON,TX,
2718,3910 LAKE HOUSTON PKWY,HOUSTON,TX,
2719,10221 ELLA LEE LN,HOUSTON,TX,
2720,9371 RICHMOND AVE,HOUSTON,TX,
2721,7410 CAPITOL ST,HOUSTON,TX,
2722,2517 YUPON ST,HOUSTON,TX,
2723,507 SCHWEIKHARDT ST,HOUSTON,TX,
2724,7328 VICTORIA ,HOUSTON,TX,
2725,1529 25TH ST,HOUSTON,TX,
2726,101 GOODSON DR,HOUSTON,TX,
2727,11301 FONDREN RD,HOUSTON,TX,
2730,500 BAYBROOK MALL ,HOUSTON,TX,
2731,5702 CHIMNEY ROCK RD,HOUSTON,TX,
2732,7500 PINEMONT DR,HOUSTON,TX,
2733,7601 CURRY RD,HOUSTON,TX,
2734,9830 TANNER RD,HOUSTON,TX,
2735,5909 GLENMONT DR,HOUSTON,TX,
2736,6906 RIVER BLUFF DR,HOUSTON,TX,
2737,9611 GRANT RD,HOUSTON,TX,
2738,14002 BRIARWORTH DR,HOUSTON,TX,
2739,3225 WOODLAND PARK DR,HOUSTON,TX,
2741,2600 LAZY HOLLOW DR,HOUSTON,TX,
2742,855 GREENS RD,HOUSTON,TX,
2743,10816 BEECHNUT ST,HOUSTON,TX,
2744,9107 SPELLMAN RD,HOUSTON,TX,
2745,7907 AVENUE ,HOUSTON,TX,
2746,1520 ENCLAVE PKWY,HOUSTON,TX,
2748,5500 DE SOTO ST,HOUSTON,TX,
2752,10303 FILEY CT,HOUSTON,TX,
2754,500 BAYBROOK MALL ,HOUSTON,TX,
2756,10960 WESTHEIMER RD,HOUSTON,TX,
2757,5102 RIDGECREEK CIR,HOUSTON,TX,
2758,2312 BLEKER ST,HOUSTON,TX,
2759,7903 SANDPIPER DR,HOUSTON,TX,
2760,4400 MEMORIAL DR,HOUSTON,TX,
2761,11700 FUQUA ST,HOUSTON,TX,
2763,2501 TANGLEWILDE ST,HOUSTON,TX,
2764,943 STAFFORDALE MANOR LN,HOUSTON,TX,
2765,2631 OAKCLIFF ST,HOUSTON,TX,
2766,2800 TERMINAL RD,HOUSTON,TX,
2767,7611 GLENVIEW DR,HOUSTON,TX,
2768,1004 WILBURFORCE ST,HOUSTON,TX,
2770,402 MAROBY AVE,HOUSTON,TX,
2772,259 DOLPHIN ST,CORPUS CHRIST,TX,
2773,8121 SHOTWELL ST,HOUSTON,TX,
2774,8121 SHOTWELL ST,HOUSTON,TX,
2775,1714 COLLINGSWORTH ST,HOUSTON,TX,
2776,1714 COLLINGSWORTH ST,HOUSTON,TX,
2777,809 DUFF LN,HOUSTON,TX,
2778,9603 HOMESTEAD RD,HOUSTON,TX,
2779,6130 LITTLE YORK RD,HOUSTON,TX,
2780,4414 NORTH FWY,HOUSTON,TX,
2781,11298 GESSNER RD,HOUSTON,TX,
2782,6600 DUNLAP ST,HOUSTON,TX,
2784,4501 WOODWAY DR,HOUSTON,TX,
2788,9402 MEAUX DR,HOUSTON,TX,
2789,8000 TIDWELL RD,HOUSTON,TX,
2790,200 PIERCE ST,HOUSTON,TX,
2791,13100 GULF FWY,HOUSTON,TX,
2792,6525 HILLCROFT AVE,HOUSTON,TX,
2793,11120 NORTH FWY,HOUSTON,TX,
2794,4114 GOULBURN DR,HOUSTON,TX,
2795,5740 SAN FELIPE ST,HOUSTON,TX,
2796,10830 NORTHWEST FWY,HOUSTON,TX,
2797,5500 DE SOTO ST,HOUSTON,TX,
2798,10750 WESTBRAE PKWY,HOUSTON,TX,
2799,6500 43RD ST,HOUSTON,TX,
2800,1210 EL CAMINO VILLAGE DR,HOUSTON,TX,
2801,3805 SHERWOOD LN,HOUSTON,TX,
2802,3805 SHERWOOD LN,HOUSTON,TX,
2803,8645 BEECHNUT ST,HOUSTON,TX,
2804,9200 LOCKWOOD DR,HOUSTON,TX,
2805,12845 MARKET ST,HOUSTON,TX,
2806,11698 WESTHEIMER RD,HOUSTON,TX,
2807,11698 WESTHEIMER RD,HOUSTON,TX,
2808,5470 BRAESVALLEY DR,HOUSTON,TX,
2809,8080 MAIN ST,HOUSTON,TX,
2810,16622 LOST QUAIL DR,HOUSTON,TX,
2811,7017 ALMEDA RD,HOUSTON,TX,
2813,7840 TIDWELL RD,HOUSTON,TX,
2814,822 TOWN AND COUNTRY LN,HOUSTON,TX,
2816,3150 KIRBY DR,HOUSTON,TX,
2817,18600 PARK VIEW DR,HOUSTON,TX,
2818,3003 SEAGLER RD,HOUSTON,TX,
2819,8404 SOUTH COURSE DR,HOUSTON,TX,
2820,2930 PLUM CREEK LN,HOUSTON,TX,
2821,13484 NORTHWEST FWY,HOUSTON,TX,
2822,4750 TIDWELL RD,HOUSTON,TX,
2823,955 MIERIANNE ST,HOUSTON,TX,
2824,2238 WILLOW POINT DR,HOUSTON,TX,
2825,5742 DOULTON DR,HOUSTON,TX,
2826,4910 ALLENDALE RD,HOUSTON,TX,
2827,6425 WESTHEIMER RD,HOUSTON,TX,
2830,3898 FANNIN ST,HOUSTON,TX,
2831,8710 FONDREN RD,HOUSTON,TX,
2832,10300 WILCREST DR,HOUSTON,TX,
2833,10300 WILCREST DR,HOUSTON,TX,
2834,7800 AIRPORT BLVD,HOUSTON,TX,
2835,5122 BALKIN ST,HOUSTON,TX,
2838,3201 LOUISIANA ST,HOUSTON,TX,
2839,7205 BELLERIVE DR,HOUSTON,TX,
2842,3826 WHEELER AVENUE ,HOUSTON,TX,
2843,7810 KATY FWY,HOUSTON,TX,
2844,5085 WESTHEIMER RD,HOUSTON,TX,
2845,180 GRAY ST,HOUSTON,TX,
2847,4655 WILD INDIGO ST,HOUSTON,TX,
2849,2777 BRIARGROVE DR,HOUSTON,TX,
2851,2012 POTOMAC DR,HOUSTON,TX,
2852,7198 GRIGGS RD,HOUSTON,TX,
2854,4658 RIDGEROD LN,HOUSTON,TX,
2855,6767 BENNINGTON ST,HOUSTON,TX,
2857,nan FANNIN ,HOUSTON,TX,
2858,11900 OAKMOOR PKWY,HOUSTON,TX,
2859,11715 GLEN DR,HOUSTON,TX,
2860,11715 GLEN DR,HOUSTON,TX,
2861,8452 GULF FWY,HOUSTON,TX,
2864,12520 GREENSPOINT DR,HOUSTON,TX,
2865,3030 DUNVALE RD,HOUSTON,TX,
2866,500 LOVETT BLVD,HOUSTON,TX,
2867,700 CLEVELAND ST,HOUSTON,TX,
2868,9619 WEYBRIDGE DR,HOUSTON,TX,
2869,9757 PINE LAKE DR,HOUSTON,TX,
2870,14000 NORTHWEST FWY,HOUSTON,TX,
2873,19008 SAUMS RD,HOUSTON,TX,
2874,19008 SAUMS RD,HOUSTON,TX,
2876,6000 RICHMOND AVE,HOUSTON,TX,
2877,5917 ALVARADO DR,HOUSTON,TX,
2878,2142 CAMPBELL RD,HOUSTON,TX,
2880,6638 SOUTHWEST FWY,HOUSTON,TX,
2881,1150 SAM HOUSTON PKWY,HOUSTON,TX,
2884,3131 BELLFORT AVE,HOUSTON,TX,
2885,4835 VENTURA LN,HOUSTON,TX,
2886,1520 BARBEE ST,HOUSTON,TX,
2887,7001 BROWNWOOD ST,HOUSTON,TX,
2888,12630 ASHFORD MEADOW DR,HOUSTON,TX,
2889,3281 SOUTHWEST FWY,HOUSTON,TX,
2890,3281 SOUTHWEST FWY,HOUSTON,TX,
2891,5111 RIDGESTONE LN,HOUSTON,TX,
2892,12611 GESSNER RD,HOUSTON,TX,
2893,1131 UPTOWN PARK BLVD,HOUSTON,TX,
2895,3520 LIBERTY RD,HOUSTON,TX,
2897,598 CESAR CHAVEZ BLVD,HOUSTON,TX,
2898,7400 HILLMONT ST,HOUSTON,TX,
2899,3611 MONTROSE BLVD,HOUSTON,TX,
2900,4201 T C JESTER BLVD,HOUSTON,TX,
2901,12200 GULF FWY,HOUSTON,TX,
2902,602 FAIRVIEW AVE,HOUSTON,TX,
2904,6121 HILLCROFT AVE,HOUSTON,TX,
2905,14202 GULFSTREAM PARK ,HOUSTON,TX,
2906,816 MONTROSE BLVD,HOUSTON,TX,
2907,6501 MEMORIAL DR,HOUSTON,TX,
2908,8405 BROADWAY ST,HOUSTON,TX,
2909,3706 NATHANIEL BROWN ST,HOUSTON,TX,
2910,3000 TERMINAL RD,HOUSTON,TX,
2911,2838 MISTY HEATH LN,HOUSTON,TX,
2913,10630 BEECHNUT ST,HOUSTON,TX,
2914,10630 BEECHNUT ST,HOUSTON,TX,
2916,8719 LAKEWOOD ST,HOUSTON,TX,
2917,3360 ALICE ST,HOUSTON,TX,
2918,3360 ALICE ST,HOUSTON,TX,
2919,3910 ARLINGTON SQUARE DR,HOUSTON,TX,
2920,12804 GULF FWY,HOUSTON,TX,
2921,11200 GULF FWY,HOUSTON,TX,
2922,7800 AIRPORT BLVD,HOUSTON,TX,
2923,8245 GLENVIEW DR,HOUSTON,TX,
2924,840 THREADNEEDLE ,HOUSTON,TX,
2925,6400 ENGLAND ST,HOUSTON,TX,
2926,10901 TELEPHONE RD,HOUSTON,TX,
2927,10301 BUFFALO SPEEDWAY ,HOUSTON,TX,
2928,6300 RANCHESTER DR,HOUSTON,TX,
2929,12660 MEDFIELD DR,HOUSTON,TX,
2930,197 GOODSON DR,HOUSTON,TX,
2931,8471 GULF FWY,HOUSTON,TX,
2932,8600 SOUTH COURSE DR,HOUSTON,TX,
2933,8600 SOUTH COURSE DR,HOUSTON,TX,
2934,13008 TRAIL HOLLOW DR,HOUSTON,TX,
2935,801 CLEVELAND ST,HOUSTON,TX,
2936,10100 GESSNER RD,HOUSTON,TX,
2937,9611 GRANT RD,HOUSTON,TX,
2938,2900 BRAESWOOD BLVD,HOUSTON,TX,
2940,5198 ALABONSON RD,HOUSTON,TX,
2941,1227 WYNDEN OAKS GARDEN DR,HOUSTON,TX,
2942,3411 PARKRIDGE GLEN DR,HOUSTON,TX,
2944,7300 BROMPTON ST,HOUSTON,TX,
2945,2150 BENTWORTH DR,HOUSTON,TX,
2946,9598 ROWLETT ,HOUSTON,TX,
2947,902 CLEVELAND ST,HOUSTON,TX,
2948,18200 KATY FWY,HOUSTON,TX,
2949,602 FAIRVIEW AVE,HOUSTON,TX,
2953,4318 GRAPEVINE ST,HOUSTON,TX,
2955,8400 KIRBY DR,HOUSTON,TX,
2956,3517 DELANO ST,HOUSTON,TX,
2957,6301 BELLFORT AVE,HOUSTON,TX,
2958,6002 ANTOINE DR,HOUSTON,TX,
2959,12398 KUYKENDAHL RD,HOUSTON,TX,
2960,9601 MONTGOMERY RD,HOUSTON,TX,
2964,7755 BELLFORT AVE,HOUSTON,TX,
2965,9919 WESTHEIMER RD,HOUSTON,TX,
2966,5550 OREM DR,HOUSTON,TX,
2967,616 MEMORIAL HEIGHTS DR,HOUSTON,TX,
2968,9802 HOMESTEAD RD,HOUSTON,TX,
2969,2420 LAKE HOUSTON PKWY,HOUSTON,TX,
2970,11807 WESTHEIMER RD,HOUSTON,TX,
2971,4000 HOLLISTER ST,HOUSTON,TX,
2972,3365 OLD SPANISH TRL,HOUSTON,TX,
2973,1508 WOODHEAD ,HOUSTON,TX,
2974,2300 MORGAN ST,HOUSTON,TX,
2975,12920 NORTHWEST FWY,HOUSTON,TX,
2977,3300 KELTON ,HOUSTON,TX,
2978,3301 KELTON ,HOUSTON,TX,
2979,18600 PARK VIEW DR,HOUSTON,TX,
2980,4518 KEYSTONE ST,HOUSTON,TX,
2981,2305 HAYES RD,HOUSTON,TX,
2982,2920 SHADOWBRIAR DR,HOUSTON,TX,
2983,8811 BOONE RD,HOUSTON,TX,
2984,815 WAX MYRTLE ,HOUSTON,TX,
2985,3122 KNOLL ST,HOUSTON,TX,
2986,2525 VOSS RD,HOUSTON,TX,
2987,15839 KENBROOK DR,HOUSTON,TX,
2988,11211 BEECHNUT ST,HOUSTON,TX,
2989,3803 SYNOTT RD,HOUSTON,TX,
2990,12973 TRAIL HOLLOW DR,HOUSTON,TX,
2991,8110 RICHMOND AVE,HOUSTON,TX,
2992,1251 WILCREST DR,HOUSTON,TX,
2993,4410 WESTHEIMER RD,HOUSTON,TX,
2994,6730 DILLON ST,HOUSTON,TX,
2996,1901 GESSNER RD,HOUSTON,TX,
2997,4626 YALE ST,HOUSTON,TX,
2998,6300 BENNINGTON ST,HOUSTON,TX,
2999,6150 TIDWELL RD,HOUSTON,TX,
3000,1516 WACO ST,HOUSTON,TX,
3002,3315 ROGERS ST,HOUSTON,TX,
3003,3315 ROGERS ST,HOUSTON,TX,
3005,1102 JOCELYN ,HOUSTON,TX,
3006,3315 FUQUA ST,HOUSTON,TX,
3007,1323 WITTE RD,HOUSTON,TX,
3008,12350 GULF FWY,HOUSTON,TX,
3009,4424 WESTWAY PARK BLVD,HOUSTON,TX,
3010,403 GLENBURNIE DR,HOUSTON,TX,
3011,7511 BEECHNUT ST,HOUSTON,TX,
3012,7511 BEECHNUT ST,HOUSTON,TX,
3013,2410 RICHMOND AVE,HOUSTON,TX,
3014,3900 LA BRANCH ST,HOUSTON,TX,
3015,3300 NATCHEZ ,HOUSTON,TX,
3016,6000 HILLCROFT AVE,HOUSTON,TX,
3017,11251 CONCHO ST,HOUSTON,TX,
3019,7510 AVENUE H ,HOUSTON,TX,
3020,829 WAX MYRTLE ,HOUSTON,TX,
3021,18600 PARK VIEW DR,HOUSTON,TX,
3022,8619 GANDER BAYSHORE LN,HOUSTON,TX,
3023,701 CLEVELAND ST,HOUSTON,TX,
3024,2727 18TH ST,HOUSTON,TX,
3025,815 AUTUMNWOOD DR,HOUSTON,TX,
3026,10545 HAMMERLY BLVD,HOUSTON,TX,
3027,8877 LAKES AT 610 DR,HOUSTON,TX,
3028,13100 TRAIL HOLLOW DR,HOUSTON,TX,
3029,5402 RENWICK DR,HOUSTON,TX,
3030,8730 GULF FWY,HOUSTON,TX,
3032,9550 LONG POINT RD,HOUSTON,TX,
3034,21700 EASTEX FWY,HOUSTON,TX,
3037,11850 BISSONNET ST,HOUSTON,TX,
3038,10100 KEMPWOOD DR,HOUSTON,TX,
3039,10901 TELEPHONE RD,HOUSTON,TX,
3040,6722 MARINETTE DR,HOUSTON,TX,
3041,8210 BAUMAN RD,HOUSTON,TX,
3042,9801 MEADOWGLEN LN,HOUSTON,TX,
3043,9251 BURDINE ST,HOUSTON,TX,
3044,2277 WINROCK BLVD,HOUSTON,TX,
3045,13223 CHAMPIONS CENTRE DR,HOUSTON,TX,
3047,13223 CHAMPIONS CENTRE DR,HOUSTON,TX,
3048,3802 DABNEY ST,HOUSTON,TX,
3050,9118 SHAGBARK DR,HOUSTON,TX,
3051,9501 CLEARWOOD ST,HOUSTON,TX,
3052,6610 TARNEF DR,HOUSTON,TX,
3053,3300 CHIMNEY ROCK RD,HOUSTON,TX,
3054,18600 PARK VIEW DR,HOUSTON,TX,
3055,1314 SABINE ST,HOUSTON,TX,
3056,4001 OLD SPANISH TRL,HOUSTON,TX,
3057,2921 BRIARPARK DR,HOUSTON,TX,
3058,3230 GESSNER RD,HOUSTON,TX,
3059,9009 DANDY ST,HOUSTON,TX,
3060,7438 BAHIA LN,HOUSTON,TX,
3061,8404 STONE ,HOUSTON,TX,
3062,919 GILLETTE ST,HOUSTON,TX,
3063,18600 PARK VIEW DR,HOUSTON,TX,
3064,8117 RIVER DR,HOUSTON,TX,
3065,6500 DUNLAP ST,HOUSTON,TX,
3066,14601 MEMORIAL DR,HOUSTON,TX,
3068,7402 CALHOUN RD,HOUSTON,TX,
3069,3047 BRIARWICK LN,HOUSTON,TX,
3072,3500 TERMINAL RD,HOUSTON,TX,
3073,9850 RICHMOND AVE,HOUSTON,TX,
3074,7518 MORLEY ST,HOUSTON,TX,
3077,5602 SELINSKY RD,HOUSTON,TX,
